"cmn1","ネオユニヴァース登場！"
"cmn2","デビュー戦にむけて"
"cmn3","デビュー戦の後に・初リンク＆ニアミス"
"cmn4","高まる理解、深まる謎"
"cmn5","軸線上のミラクル"
"cmn6","目標達成の後に・冷凍の扉"
"cmn7","新年の抱負"
"cmn8","“SETO”を継ぐ者"
"cmn9","皐月賞にむけて"
"cmn10_1","皐月賞の後に・歓喜の一撃"
"cmn10_2","皐月賞の後に・まさかの断崖"
"cmn11","日本ダービーにむけて"
"cmn12_1","日本ダービーの後に・双星を掴む"
"cmn12_2","日本ダービーの後に・早成のペルセウス"
"cmn12_3","日本ダービーの後に・かけがえのない星"
"cmn12_4","日本ダービーの後に・失意のシンパシー"
"cmn13","宝塚記念にむけて"
"cmn14","宝塚記念の後に・スパイダーリンク"
"cmn15","夏合宿（2年目）スタート！"
"cmn16","夏合宿（2年目）にて"
"cmn17","夏合宿（2年目）終了"
"cmn18","菊花賞にむけて"
"cmn19_1","菊花賞の後に・知性の三冠ウマ娘"
"cmn19_2","菊花賞の後に・相反する勝利"
"cmn19_3","菊花賞の後に・勇者への微波"
"cmn19_4","菊花賞の後に・抗えない重力"
"cmn20","ジャパンCにむけて"
"cmn21","ジャパンCの後に・明かされた“窓”"
"cmn22","“消失”についての検証"
"cmn23","初詣"
"cmn24_1","福引チャンス！(特賞)"
"cmn24_2","福引チャンス！(1等賞)"
"cmn24_3","福引チャンス！(2等賞)"
"cmn24_4","福引チャンス！(3等賞)"
"cmn24_5","福引チャンス！(はずれ)"
"cmn25","バレンタイン"
"cmn26","大阪杯にむけて"
"cmn27","大阪杯の後に・運命の渦動へ"
"cmn28","ファン感謝祭"
"cmn29","天皇賞（春）にむけて"
"cmn30","天皇賞（春）の後に・“GATE”突入"
"cmn31","たったひとつの弱点"
"cmn32","夏合宿（3年目）スタート！"
"cmn33","夏合宿（3年目）終了"
"cmn34","天皇賞（秋）にむけて"
"cmn35_1","天皇賞（秋）の後に・進化への簒奪"
"cmn35_2","天皇賞（秋）の後に・正史のバリア"
"cmn35_3","天皇賞（秋）の後に・秋の三冠、消ゆ"
"cmn36","ジャパンCにむけて"
"cmn37","ジャパンCの後に・広がるスカイラブ"
"cmn38","クリスマス"
"cmn39","温泉旅行"
"cmn40","エンディング（ノーマル）"
"cmn41","統合される宇宙"